{
  "target_word": "wall",
  "tools_analyzed": [
    "Whisper",
    "WhisperX",
    "Gentle",
    "MFA",
    "NeMo"
  ],
  "within_method": {
    "Whisper": {
      "n_successful_runs": 10,
      "target_word": "wall",
      "start_ms": {
        "mean": 1200.0,
        "min": 1200.0,
        "max": 1200.0,
        "range": 0.0,
        "std": 0.0,
        "values": [
          1200.0,
          1200.0,
          1200.0,
          1200.0,
          1200.0,
          1200.0,
          1200.0,
          1200.0,
          1200.0,
          1200.0
        ]
      },
      "end_ms": {
        "mean": 1500.0,
        "min": 1500.0,
        "max": 1500.0,
        "range": 0.0,
        "std": 0.0,
        "values": [
          1500.0,
          1500.0,
          1500.0,
          1500.0,
          1500.0,
          1500.0,
          1500.0,
          1500.0,
          1500.0,
          1500.0
        ]
      },
      "duration_ms": {
        "mean": 300.00000000000006,
        "min": 300.00000000000006,
        "max": 300.00000000000006,
        "range": 0.0,
        "std": 0.0,
        "values": [
          300.00000000000006,
          300.00000000000006,
          300.00000000000006,
          300.00000000000006,
          300.00000000000006,
          300.00000000000006,
          300.00000000000006,
          300.00000000000006,
          300.00000000000006,
          300.00000000000006
        ]
      }
    },
    "WhisperX": {
      "n_successful_runs": 10,
      "target_word": "wall",
      "start_ms": {
        "mean": 1322.0,
        "min": 1322.0,
        "max": 1322.0,
        "range": 0.0,
        "std": 0.0,
        "values": [
          1322.0,
          1322.0,
          1322.0,
          1322.0,
          1322.0,
          1322.0,
          1322.0,
          1322.0,
          1322.0,
          1322.0
        ]
      },
      "end_ms": {
        "mean": 1772.0,
        "min": 1772.0,
        "max": 1772.0,
        "range": 0.0,
        "std": 0.0,
        "values": [
          1772.0,
          1772.0,
          1772.0,
          1772.0,
          1772.0,
          1772.0,
          1772.0,
          1772.0,
          1772.0,
          1772.0
        ]
      },
      "duration_ms": {
        "mean": 449.9999999999999,
        "min": 449.99999999999994,
        "max": 449.99999999999994,
        "range": 0.0,
        "std": 5.684341886080802e-14,
        "values": [
          449.99999999999994,
          449.99999999999994,
          449.99999999999994,
          449.99999999999994,
          449.99999999999994,
          449.99999999999994,
          449.99999999999994,
          449.99999999999994,
          449.99999999999994,
          449.99999999999994
        ]
      }
    },
    "Gentle": {
      "n_successful_runs": 10,
      "target_word": "wall",
      "start_ms": {
        "mean": 1210.0,
        "min": 1210.0,
        "max": 1210.0,
        "range": 0.0,
        "std": 0.0,
        "values": [
          1210.0,
          1210.0,
          1210.0,
          1210.0,
          1210.0,
          1210.0,
          1210.0,
          1210.0,
          1210.0,
          1210.0
        ]
      },
      "end_ms": {
        "mean": 1589.9999999999998,
        "min": 1589.9999999999998,
        "max": 1589.9999999999998,
        "range": 0.0,
        "std": 0.0,
        "values": [
          1589.9999999999998,
          1589.9999999999998,
          1589.9999999999998,
          1589.9999999999998,
          1589.9999999999998,
          1589.9999999999998,
          1589.9999999999998,
          1589.9999999999998,
          1589.9999999999998,
          1589.9999999999998
        ]
      },
      "duration_ms": {
        "mean": 379.9999999999999,
        "min": 379.9999999999999,
        "max": 379.9999999999999,
        "range": 0.0,
        "std": 0.0,
        "values": [
          379.9999999999999,
          379.9999999999999,
          379.9999999999999,
          379.9999999999999,
          379.9999999999999,
          379.9999999999999,
          379.9999999999999,
          379.9999999999999,
          379.9999999999999,
          379.9999999999999
        ]
      }
    },
    "MFA": {
      "n_successful_runs": 10,
      "target_word": "wall",
      "start_ms": {
        "mean": 1180.0,
        "min": 1180.0,
        "max": 1180.0,
        "range": 0.0,
        "std": 0.0,
        "values": [
          1180.0,
          1180.0,
          1180.0,
          1180.0,
          1180.0,
          1180.0,
          1180.0,
          1180.0,
          1180.0,
          1180.0
        ]
      },
      "end_ms": {
        "mean": 1630.0,
        "min": 1630.0,
        "max": 1630.0,
        "range": 0.0,
        "std": 0.0,
        "values": [
          1630.0,
          1630.0,
          1630.0,
          1630.0,
          1630.0,
          1630.0,
          1630.0,
          1630.0,
          1630.0,
          1630.0
        ]
      },
      "duration_ms": {
        "mean": 449.9999999999999,
        "min": 449.99999999999994,
        "max": 449.99999999999994,
        "range": 0.0,
        "std": 5.684341886080802e-14,
        "values": [
          449.99999999999994,
          449.99999999999994,
          449.99999999999994,
          449.99999999999994,
          449.99999999999994,
          449.99999999999994,
          449.99999999999994,
          449.99999999999994,
          449.99999999999994,
          449.99999999999994
        ]
      }
    },
    "NeMo": {
      "n_successful_runs": 10,
      "target_word": "wall",
      "start_ms": {
        "mean": 1510.0291545189505,
        "min": 1510.0291545189505,
        "max": 1510.0291545189505,
        "range": 0.0,
        "std": 0.0,
        "values": [
          1510.0291545189505,
          1510.0291545189505,
          1510.0291545189505,
          1510.0291545189505,
          1510.0291545189505,
          1510.0291545189505,
          1510.0291545189505,
          1510.0291545189505,
          1510.0291545189505,
          1510.0291545189505
        ]
      },
      "end_ms": {
        "mean": 1761.7006802721085,
        "min": 1761.700680272109,
        "max": 1761.700680272109,
        "range": 0.0,
        "std": 4.547473508864641e-13,
        "values": [
          1761.700680272109,
          1761.700680272109,
          1761.700680272109,
          1761.700680272109,
          1761.700680272109,
          1761.700680272109,
          1761.700680272109,
          1761.700680272109,
          1761.700680272109,
          1761.700680272109
        ]
      },
      "duration_ms": {
        "mean": 251.6715257531585,
        "min": 251.67152575315848,
        "max": 251.67152575315848,
        "range": 0.0,
        "std": 2.842170943040401e-14,
        "values": [
          251.67152575315848,
          251.67152575315848,
          251.67152575315848,
          251.67152575315848,
          251.67152575315848,
          251.67152575315848,
          251.67152575315848,
          251.67152575315848,
          251.67152575315848,
          251.67152575315848
        ]
      }
    }
  },
  "across_method": {
    "tools": [
      "Whisper",
      "WhisperX",
      "Gentle",
      "MFA",
      "NeMo"
    ],
    "tool_means": {
      "Whisper": {
        "start_ms": 1200.0,
        "end_ms": 1500.0,
        "duration_ms": 300.00000000000006
      },
      "WhisperX": {
        "start_ms": 1322.0,
        "end_ms": 1772.0,
        "duration_ms": 449.9999999999999
      },
      "Gentle": {
        "start_ms": 1210.0,
        "end_ms": 1589.9999999999998,
        "duration_ms": 379.9999999999999
      },
      "MFA": {
        "start_ms": 1180.0,
        "end_ms": 1630.0,
        "duration_ms": 449.9999999999999
      },
      "NeMo": {
        "start_ms": 1510.0291545189505,
        "end_ms": 1761.7006802721085,
        "duration_ms": 251.6715257531585
      }
    },
    "start_ms": {
      "mean": 1284.40583090379,
      "min": 1180.0,
      "max": 1510.0291545189505,